<?xml version="1.0" encoding="utf-8" ?>
<dwsync>
<file name="SFAResponse.php" server="D:/Projects/rwm/Relyonsoft.com/" local="128394049600000000" remote="128394049600000000" Dst="0" />
<file name="testjava.php" server="D:/Projects/rwm/Relyonsoft.com/" local="128538520400000000" remote="128538520400000000" Dst="0" />
<file name="TestMoto.php" server="D:/Projects/rwm/Relyonsoft.com/" local="128394049160000000" remote="128394049160000000" Dst="0" />
<file name="TestOnlineInq.php" server="D:/Projects/rwm/Relyonsoft.com/" local="128290716320000000" remote="128290716320000000" Dst="0" />
<file name="TestRelated.php" server="D:/Projects/rwm/Relyonsoft.com/" local="128290716320000000" remote="128290716320000000" Dst="0" />
<file name="TestSsl.php" server="D:/Projects/rwm/Relyonsoft.com/" local="128393578240000000" remote="128393578240000000" Dst="0" />
<file name="TestTxnSearch.php" server="D:/Projects/rwm/Relyonsoft.com/" local="128290716320000000" remote="128290716320000000" Dst="0" />
<file name="SFAResponse.php" server="F:/xampp/htdocs/buy/" local="130790130095136838" remote="130790130090000000" Dst="0" />
<file name="testjava.php" server="F:/xampp/htdocs/buy/" local="130790130076699456" remote="130790130070000000" Dst="0" />
<file name="TestMoto.php" server="F:/xampp/htdocs/buy/" local="130790130092480605" remote="130790130090000000" Dst="0" />
<file name="TestOnlineInq.php" server="F:/xampp/htdocs/buy/" local="130790130090449368" remote="130790130090000000" Dst="0" />
<file name="TestRelated.php" server="F:/xampp/htdocs/buy/" local="130790130087168139" remote="130790130080000000" Dst="0" />
<file name="TestSsl.php" server="F:/xampp/htdocs/buy/" local="130790130082636918" remote="130790130080000000" Dst="0" />
<file name="TestTxnSearch.php" server="F:/xampp/htdocs/buy/" local="130790130085449400" remote="130790130080000000" Dst="0" />
<file name="SFAResponse.php" server="F:/xampp/htdocs/RWM/buy/" local="130790130095136838" remote="130790130090000000" Dst="0" />
<file name="testjava.php" server="F:/xampp/htdocs/RWM/buy/" local="130790130076699456" remote="130790130070000000" Dst="0" />
<file name="TestMoto.php" server="F:/xampp/htdocs/RWM/buy/" local="130790130092480605" remote="130790130090000000" Dst="0" />
<file name="TestOnlineInq.php" server="F:/xampp/htdocs/RWM/buy/" local="130790130090449368" remote="130790130090000000" Dst="0" />
<file name="TestRelated.php" server="F:/xampp/htdocs/RWM/buy/" local="130790130087168139" remote="130790130080000000" Dst="0" />
<file name="TestSsl.php" server="F:/xampp/htdocs/RWM/buy/" local="130790130082636918" remote="130790130080000000" Dst="0" />
<file name="TestTxnSearch.php" server="F:/xampp/htdocs/RWM/buy/" local="130790130085449400" remote="130790130080000000" Dst="0" />
</dwsync>