<?xml version="1.0" encoding="utf-8" ?>
<dwsync>
<file name="callback_thankyou.htm" server="C:/xampp/htdocs/Relyonsoft.com/" local="129133799690000000" remote="129133799690000000" Dst="-1" />
<file name="Copy of paymentinfo.htm" server="C:/xampp/htdocs/Relyonsoft.com/" local="129188962660000000" remote="129188962660000000" Dst="-1" />
<file name="newcustomer.htm" server="C:/xampp/htdocs/Relyonsoft.com/" local="129188970810000000" remote="129188970810000000" Dst="-1" />
<file name="newcustomer.txt" server="C:/xampp/htdocs/Relyonsoft.com/" local="129161414120000000" remote="129161414120000000" Dst="-1" />
<file name="onsiterequest_thankyou.htm" server="C:/xampp/htdocs/Relyonsoft.com/" local="129133812950000000" remote="129133812950000000" Dst="-1" />
<file name="paymentinfo.htm" server="C:/xampp/htdocs/Relyonsoft.com/" local="129260021059843750" remote="129260021050000000" Dst="-1" />
<file name="paymentinfo.txt" server="C:/xampp/htdocs/Relyonsoft.com/" local="129165831640000000" remote="129165831640000000" Dst="-1" />
<file name="writetorelyon.htm" server="C:/xampp/htdocs/Relyonsoft.com/" local="129134577330000000" remote="129134577330000000" Dst="-1" />
<file name="writetorelyon.txt" server="C:/xampp/htdocs/Relyonsoft.com/" local="129134449700000000" remote="129134449700000000" Dst="-1" />
<file name="writetosupport.htm" server="C:/xampp/htdocs/Relyonsoft.com/" local="129134579570000000" remote="129134579570000000" Dst="-1" />
<file name="writetosupport.txt" server="C:/xampp/htdocs/Relyonsoft.com/" local="129240735114062500" remote="129240735110000000" Dst="-1" />
<file name="writeyourcomplaint.htm" server="C:/xampp/htdocs/Relyonsoft.com/" local="129203810457812500" remote="129203810450000000" Dst="-1" />
<file name="writeyourcomplaint.txt" server="C:/xampp/htdocs/Relyonsoft.com/" local="129203810541718750" remote="129203810540000000" Dst="-1" />
<file name="referrermailcontent.htm" server="C:/xampp/htdocs/Relyonsoft.com/" local="129374052902968750" remote="129374052900000000" Dst="-1" />
<file name="referrermailcontent.htm" server="217.112.82.4//" local="129374052902968750" remote="129374799000000000" Dst="-1" />
<file name="callback_thankyou.htm" server="D:/Projects/rwm/Relyonsoft.com/" local="129532410000000000" remote="129532410000000000" Dst="0" />
<file name="cancelledreceipt.htm" server="D:/Projects/rwm/Relyonsoft.com/" local="129725625000000000" remote="129725625000000000" Dst="0" />
<file name="cancelledreceipt.txt" server="D:/Projects/rwm/Relyonsoft.com/" local="129725625000000000" remote="129725625000000000" Dst="0" />
<file name="Copy of paymentinfo.htm" server="D:/Projects/rwm/Relyonsoft.com/" local="129198906000000000" remote="129198906000000000" Dst="0" />
<file name="newcustomer.htm" server="D:/Projects/rwm/Relyonsoft.com/" local="129198906000000000" remote="129198906000000000" Dst="0" />
<file name="newcustomer.txt" server="D:/Projects/rwm/Relyonsoft.com/" local="129198906000000000" remote="129198906000000000" Dst="0" />
<file name="onsiterequest_thankyou.htm" server="D:/Projects/rwm/Relyonsoft.com/" local="129198906000000000" remote="129198906000000000" Dst="0" />
<file name="paymentinfo.htm" server="D:/Projects/rwm/Relyonsoft.com/" local="129416634000000000" remote="129416634000000000" Dst="0" />
<file name="paymentinfo.txt" server="D:/Projects/rwm/Relyonsoft.com/" local="129198906000000000" remote="129198906000000000" Dst="0" />
<file name="paymentinfo1.htm" server="D:/Projects/rwm/Relyonsoft.com/" local="129416634000000000" remote="129416634000000000" Dst="0" />
<file name="paymentinfo1.txt" server="D:/Projects/rwm/Relyonsoft.com/" local="129416634000000000" remote="129416634000000000" Dst="0" />
<file name="receipt.htm" server="D:/Projects/rwm/Relyonsoft.com/" local="129725624400000000" remote="129725624400000000" Dst="0" />
<file name="receipt.txt" server="D:/Projects/rwm/Relyonsoft.com/" local="129725624400000000" remote="129725624400000000" Dst="0" />
<file name="referrermailcontent.htm" server="D:/Projects/rwm/Relyonsoft.com/" local="129374298000000000" remote="129374298000000000" Dst="0" />
<file name="writetorelyon.htm" server="D:/Projects/rwm/Relyonsoft.com/" local="129198906000000000" remote="129198906000000000" Dst="0" />
<file name="writetorelyon.txt" server="D:/Projects/rwm/Relyonsoft.com/" local="129198906000000000" remote="129198906000000000" Dst="0" />
<file name="writetosupport.htm" server="D:/Projects/rwm/Relyonsoft.com/" local="129198906000000000" remote="129198906000000000" Dst="0" />
<file name="writetosupport.txt" server="D:/Projects/rwm/Relyonsoft.com/" local="129240378000000000" remote="129240378000000000" Dst="0" />
<file name="writeyourcomplaint.htm" server="D:/Projects/rwm/Relyonsoft.com/" local="129479706000000000" remote="129479706000000000" Dst="0" />
<file name="writeyourcomplaint.txt" server="D:/Projects/rwm/Relyonsoft.com/" local="129479706000000000" remote="129479706000000000" Dst="0" />
<file name="callback_thankyou.htm" server="F:/xampp/htdocs/buy/" local="130790129744201584" remote="130790129740000000" Dst="0" />
<file name="cancelledreceipt.htm" server="F:/xampp/htdocs/buy/" local="130790129740764106" remote="130790129740000000" Dst="0" />
<file name="cancelledreceipt.txt" server="F:/xampp/htdocs/buy/" local="130790129739670363" remote="130790129730000000" Dst="0" />
<file name="Copy of paymentinfo.htm" server="F:/xampp/htdocs/buy/" local="130790129745451576" remote="130790129740000000" Dst="0" />
<file name="newcustomer.htm" server="F:/xampp/htdocs/buy/" local="130790129736076636" remote="130790129730000000" Dst="0" />
<file name="newcustomer.txt" server="F:/xampp/htdocs/buy/" local="130790129734982893" remote="130790129730000000" Dst="0" />
<file name="onsiterequest_thankyou.htm" server="F:/xampp/htdocs/buy/" local="130790129730764170" remote="130790129730000000" Dst="0" />
<file name="paymentinfo.htm" server="F:/xampp/htdocs/buy/" local="130790129730295423" remote="130790129730000000" Dst="0" />
<file name="paymentinfo.txt" server="F:/xampp/htdocs/buy/" local="130790129725607953" remote="130790129720000000" Dst="0" />
<file name="paymentinfo1.htm" server="F:/xampp/htdocs/buy/" local="130790129725607953" remote="130790129720000000" Dst="0" />
<file name="paymentinfo1.txt" server="F:/xampp/htdocs/buy/" local="130790129720764234" remote="130790129720000000" Dst="0" />
<file name="receipt.htm" server="F:/xampp/htdocs/buy/" local="130790129720764234" remote="130790129720000000" Dst="0" />
<file name="receipt.txt" server="F:/xampp/htdocs/buy/" local="130790129715764266" remote="130790129710000000" Dst="0" />
<file name="referrermailcontent.htm" server="F:/xampp/htdocs/buy/" local="130790129715764266" remote="130790129710000000" Dst="0" />
<file name="writetorelyon.htm" server="F:/xampp/htdocs/buy/" local="130790129711076796" remote="130790129710000000" Dst="0" />
<file name="writetorelyon.txt" server="F:/xampp/htdocs/buy/" local="130790129711076796" remote="130790129710000000" Dst="0" />
<file name="writetosupport.htm" server="F:/xampp/htdocs/buy/" local="130790129705608081" remote="130790129700000000" Dst="0" />
<file name="writetosupport.txt" server="F:/xampp/htdocs/buy/" local="130790129705608081" remote="130790129700000000" Dst="0" />
<file name="writeyourcomplaint.htm" server="F:/xampp/htdocs/buy/" local="130790129700608113" remote="130790129700000000" Dst="0" />
<file name="writeyourcomplaint.txt" server="F:/xampp/htdocs/buy/" local="130790129699826868" remote="130790129690000000" Dst="0" />
<file name="callback_thankyou.htm" server="F:/xampp/htdocs/RWM/buy/" local="130790129744201584" remote="130790129740000000" Dst="0" />
<file name="cancelledreceipt.htm" server="F:/xampp/htdocs/RWM/buy/" local="130790129740764106" remote="130790129740000000" Dst="0" />
<file name="cancelledreceipt.txt" server="F:/xampp/htdocs/RWM/buy/" local="130790129739670363" remote="130790129730000000" Dst="0" />
<file name="Copy of paymentinfo.htm" server="F:/xampp/htdocs/RWM/buy/" local="130790129745451576" remote="130790129740000000" Dst="0" />
<file name="newcustomer.htm" server="F:/xampp/htdocs/RWM/buy/" local="130790129736076636" remote="130790129730000000" Dst="0" />
<file name="newcustomer.txt" server="F:/xampp/htdocs/RWM/buy/" local="130790129734982893" remote="130790129730000000" Dst="0" />
<file name="onsiterequest_thankyou.htm" server="F:/xampp/htdocs/RWM/buy/" local="130790129730764170" remote="130790129730000000" Dst="0" />
<file name="paymentinfo.htm" server="F:/xampp/htdocs/RWM/buy/" local="130790129730295423" remote="130790129730000000" Dst="0" />
<file name="paymentinfo.txt" server="F:/xampp/htdocs/RWM/buy/" local="130790129725607953" remote="130790129720000000" Dst="0" />
<file name="paymentinfo1.htm" server="F:/xampp/htdocs/RWM/buy/" local="130790129725607953" remote="130790129720000000" Dst="0" />
<file name="paymentinfo1.txt" server="F:/xampp/htdocs/RWM/buy/" local="130790129720764234" remote="130790129720000000" Dst="0" />
<file name="receipt.htm" server="F:/xampp/htdocs/RWM/buy/" local="130790129720764234" remote="130790129720000000" Dst="0" />
<file name="receipt.txt" server="F:/xampp/htdocs/RWM/buy/" local="130790129715764266" remote="130790129710000000" Dst="0" />
<file name="referrermailcontent.htm" server="F:/xampp/htdocs/RWM/buy/" local="130790129715764266" remote="130790129710000000" Dst="0" />
<file name="writetorelyon.htm" server="F:/xampp/htdocs/RWM/buy/" local="130790129711076796" remote="130790129710000000" Dst="0" />
<file name="writetorelyon.txt" server="F:/xampp/htdocs/RWM/buy/" local="130790129711076796" remote="130790129710000000" Dst="0" />
<file name="writetosupport.htm" server="F:/xampp/htdocs/RWM/buy/" local="130790129705608081" remote="130790129700000000" Dst="0" />
<file name="writetosupport.txt" server="F:/xampp/htdocs/RWM/buy/" local="130790129705608081" remote="130790129700000000" Dst="0" />
<file name="writeyourcomplaint.htm" server="F:/xampp/htdocs/RWM/buy/" local="130790129700608113" remote="130790129700000000" Dst="0" />
<file name="writeyourcomplaint.txt" server="F:/xampp/htdocs/RWM/buy/" local="130790129699826868" remote="130790129690000000" Dst="0" />
</dwsync>