<?xml version="1.0" encoding="utf-8" ?>
<dwsync>
<file name="style.css" server="C:/xampp/htdocs/Relyonsoft.com/" local="129364587136718750" remote="129364587130000000" Dst="-1" />
<file name="colorbox.css" server="C:/xampp/htdocs/Relyonsoft.com/" local="129374120249375000" remote="129374120240000000" Dst="-1" />
<file name="datepickercontrol.css" server="C:/xampp/htdocs/Relyonsoft.com/" local="129313401740000000" remote="129313401740000000" Dst="-1" />
<file name="style.css" server="217.112.82.4//" local="129364587136718750" remote="129374764800000000" Dst="-1" />
<file name="colorbox.css" server="217.112.82.4//" local="129374120249375000" remote="129374764800000000" Dst="-1" />
<file name="datepickercontrol.css" server="217.112.82.4//" local="129313401740000000" remote="129374764800000000" Dst="-1" />
<file name="colorbox.css" server="D:/Projects/rwm/Relyonsoft.com/" local="129374120249375000" remote="129374120240000000" Dst="0" />
<file name="datepickercontrol.css" server="D:/Projects/rwm/Relyonsoft.com/" local="129313401740000000" remote="129313401740000000" Dst="0" />
<file name="style.css" server="D:/Projects/rwm/Relyonsoft.com/" local="129514845703437500" remote="129514845700000000" Dst="0" />
<file name="svwp_style.css" server="D:/Projects/rwm/Relyonsoft.com/" local="129596951873169498" remote="129596951870000000" Dst="0" />
<file name="colorbox.css" server="F:/xampp/htdocs/buy/" local="130790130177948808" remote="130790130170000000" Dst="0" />
<file name="datepickercontrol.css" server="F:/xampp/htdocs/buy/" local="130790130172011346" remote="130790130170000000" Dst="0" />
<file name="style.css" server="F:/xampp/htdocs/buy/" local="130790130172480093" remote="130790130170000000" Dst="0" />
<file name="svwp_style.css" server="F:/xampp/htdocs/buy/" local="130790130167480125" remote="130790130160000000" Dst="0" />
<file name="colorbox.css" server="F:/xampp/htdocs/RWM/buy/" local="130790130177948808" remote="130790130170000000" Dst="0" />
<file name="datepickercontrol.css" server="F:/xampp/htdocs/RWM/buy/" local="130790130172011346" remote="130790130170000000" Dst="0" />
<file name="style.css" server="F:/xampp/htdocs/RWM/buy/" local="130790130172480093" remote="130790130170000000" Dst="0" />
<file name="svwp_style.css" server="F:/xampp/htdocs/RWM/buy/" local="130790130167480125" remote="130790130160000000" Dst="0" />
</dwsync>