<?xml version="1.0" encoding="utf-8" ?>
<dwsync>
<file name="Address.php" server="C:/xampp/htdocs/Relyonsoft.com/" local="129151917130000000" remote="129151917130000000" Dst="-1" />
<file name="AirLineTransaction.php" server="C:/xampp/htdocs/Relyonsoft.com/" local="129151917130000000" remote="129151917130000000" Dst="-1" />
<file name="BillToAddress.php" server="C:/xampp/htdocs/Relyonsoft.com/" local="129151917130000000" remote="129151917130000000" Dst="-1" />
<file name="CardInfo.php" server="C:/xampp/htdocs/Relyonsoft.com/" local="129151917130000000" remote="129151917130000000" Dst="-1" />
<file name="CustomerDetails.php" server="C:/xampp/htdocs/Relyonsoft.com/" local="129151917130000000" remote="129151917130000000" Dst="-1" />
<file name="MerchanDise.php" server="C:/xampp/htdocs/Relyonsoft.com/" local="129151917130000000" remote="129151917130000000" Dst="-1" />
<file name="Merchant.php" server="C:/xampp/htdocs/Relyonsoft.com/" local="129151917140000000" remote="129151917140000000" Dst="-1" />
<file name="MPIData.php" server="C:/xampp/htdocs/Relyonsoft.com/" local="129151917140000000" remote="129151917140000000" Dst="-1" />
<file name="PGReserveData.php" server="C:/xampp/htdocs/Relyonsoft.com/" local="129151917140000000" remote="129151917140000000" Dst="-1" />
<file name="PGResponse.php" server="C:/xampp/htdocs/Relyonsoft.com/" local="129151917140000000" remote="129151917140000000" Dst="-1" />
<file name="PGSearchResponse.php" server="C:/xampp/htdocs/Relyonsoft.com/" local="129151917140000000" remote="129151917140000000" Dst="-1" />
<file name="PostLibPHP.php" server="C:/xampp/htdocs/Relyonsoft.com/" local="129151917140000000" remote="129151917140000000" Dst="-1" />
<file name="SessionDetail.php" server="C:/xampp/htdocs/Relyonsoft.com/" local="129151917140000000" remote="129151917140000000" Dst="-1" />
<file name="ShipToAddress.php" server="C:/xampp/htdocs/Relyonsoft.com/" local="129151917140000000" remote="129151917140000000" Dst="-1" />
<file name="Address.php" server="D:/Projects/rwm/Relyonsoft.com/" local="129151917130000000" remote="129151917130000000" Dst="0" />
<file name="AirLineTransaction.php" server="D:/Projects/rwm/Relyonsoft.com/" local="129151917130000000" remote="129151917130000000" Dst="0" />
<file name="BillToAddress.php" server="D:/Projects/rwm/Relyonsoft.com/" local="129151917130000000" remote="129151917130000000" Dst="0" />
<file name="CardInfo.php" server="D:/Projects/rwm/Relyonsoft.com/" local="129151917130000000" remote="129151917130000000" Dst="0" />
<file name="CustomerDetails.php" server="D:/Projects/rwm/Relyonsoft.com/" local="129151917130000000" remote="129151917130000000" Dst="0" />
<file name="MerchanDise.php" server="D:/Projects/rwm/Relyonsoft.com/" local="129151917130000000" remote="129151917130000000" Dst="0" />
<file name="Merchant.php" server="D:/Projects/rwm/Relyonsoft.com/" local="129151917140000000" remote="129151917140000000" Dst="0" />
<file name="MPIData.php" server="D:/Projects/rwm/Relyonsoft.com/" local="129151917140000000" remote="129151917140000000" Dst="0" />
<file name="PGReserveData.php" server="D:/Projects/rwm/Relyonsoft.com/" local="129151917140000000" remote="129151917140000000" Dst="0" />
<file name="PGResponse.php" server="D:/Projects/rwm/Relyonsoft.com/" local="129151917140000000" remote="129151917140000000" Dst="0" />
<file name="PGSearchResponse.php" server="D:/Projects/rwm/Relyonsoft.com/" local="129151917140000000" remote="129151917140000000" Dst="0" />
<file name="PostLibPHP.php" server="D:/Projects/rwm/Relyonsoft.com/" local="129151917140000000" remote="129151917140000000" Dst="0" />
<file name="SessionDetail.php" server="D:/Projects/rwm/Relyonsoft.com/" local="129151917140000000" remote="129151917140000000" Dst="0" />
<file name="ShipToAddress.php" server="D:/Projects/rwm/Relyonsoft.com/" local="129151917140000000" remote="129151917140000000" Dst="0" />
<file name="Address.php" server="F:/xampp/htdocs/buy/" local="130790129811232405" remote="130790129810000000" Dst="0" />
<file name="AirLineTransaction.php" server="F:/xampp/htdocs/buy/" local="130790129811076156" remote="130790129810000000" Dst="0" />
<file name="BillToAddress.php" server="F:/xampp/htdocs/buy/" local="130790129806544935" remote="130790129800000000" Dst="0" />
<file name="CardInfo.php" server="F:/xampp/htdocs/buy/" local="130790129806701184" remote="130790129800000000" Dst="0" />
<file name="CustomerDetails.php" server="F:/xampp/htdocs/buy/" local="130790129801701216" remote="130790129800000000" Dst="0" />
<file name="MerchanDise.php" server="F:/xampp/htdocs/buy/" local="130790129797013746" remote="130790129790000000" Dst="0" />
<file name="Merchant.php" server="F:/xampp/htdocs/buy/" local="130790129797169995" remote="130790129790000000" Dst="0" />
<file name="MPIData.php" server="F:/xampp/htdocs/buy/" local="130790129801701216" remote="130790129800000000" Dst="0" />
<file name="PGReserveData.php" server="F:/xampp/htdocs/buy/" local="130790129792013778" remote="130790129790000000" Dst="0" />
<file name="PGResponse.php" server="F:/xampp/htdocs/buy/" local="130790129792013778" remote="130790129790000000" Dst="0" />
<file name="PGSearchResponse.php" server="F:/xampp/htdocs/buy/" local="130790129787170059" remote="130790129780000000" Dst="0" />
<file name="PostLibPHP.php" server="F:/xampp/htdocs/buy/" local="130790129787170059" remote="130790129780000000" Dst="0" />
<file name="SessionDetail.php" server="F:/xampp/htdocs/buy/" local="130790129781545095" remote="130790129780000000" Dst="0" />
<file name="ShipToAddress.php" server="F:/xampp/htdocs/buy/" local="130790129780920099" remote="130790129780000000" Dst="0" />
<file name="Address.php" server="F:/xampp/htdocs/RWM/buy/" local="130790129811232405" remote="130790129810000000" Dst="0" />
<file name="AirLineTransaction.php" server="F:/xampp/htdocs/RWM/buy/" local="130790129811076156" remote="130790129810000000" Dst="0" />
<file name="BillToAddress.php" server="F:/xampp/htdocs/RWM/buy/" local="130790129806544935" remote="130790129800000000" Dst="0" />
<file name="CardInfo.php" server="F:/xampp/htdocs/RWM/buy/" local="130790129806701184" remote="130790129800000000" Dst="0" />
<file name="CustomerDetails.php" server="F:/xampp/htdocs/RWM/buy/" local="130790129801701216" remote="130790129800000000" Dst="0" />
<file name="MerchanDise.php" server="F:/xampp/htdocs/RWM/buy/" local="130790129797013746" remote="130790129790000000" Dst="0" />
<file name="Merchant.php" server="F:/xampp/htdocs/RWM/buy/" local="130790129797169995" remote="130790129790000000" Dst="0" />
<file name="MPIData.php" server="F:/xampp/htdocs/RWM/buy/" local="130790129801701216" remote="130790129800000000" Dst="0" />
<file name="PGReserveData.php" server="F:/xampp/htdocs/RWM/buy/" local="130790129792013778" remote="130790129790000000" Dst="0" />
<file name="PGResponse.php" server="F:/xampp/htdocs/RWM/buy/" local="130790129792013778" remote="130790129790000000" Dst="0" />
<file name="PGSearchResponse.php" server="F:/xampp/htdocs/RWM/buy/" local="130790129787170059" remote="130790129780000000" Dst="0" />
<file name="PostLibPHP.php" server="F:/xampp/htdocs/RWM/buy/" local="130790129787170059" remote="130790129780000000" Dst="0" />
<file name="SessionDetail.php" server="F:/xampp/htdocs/RWM/buy/" local="130790129781545095" remote="130790129780000000" Dst="0" />
<file name="ShipToAddress.php" server="F:/xampp/htdocs/RWM/buy/" local="130790129780920099" remote="130790129780000000" Dst="0" />
</dwsync>