<?xml version="1.0" encoding="utf-8" ?>
<dwsync>
<file name="Java.inc" server="C:/xampp/htdocs/Relyonsoft.com/" local="129151917130000000" remote="129151917130000000" Dst="-1" />
<file name="JavaBridge.inc" server="C:/xampp/htdocs/Relyonsoft.com/" local="129151917130000000" remote="129151917130000000" Dst="-1" />
<file name="JavaProxy.inc" server="C:/xampp/htdocs/Relyonsoft.com/" local="129151917130000000" remote="129151917130000000" Dst="-1" />
<file name="JavaProxy.php" server="C:/xampp/htdocs/Relyonsoft.com/" local="129151917130000000" remote="129151917130000000" Dst="-1" />
<file name="Mono.inc" server="C:/xampp/htdocs/Relyonsoft.com/" local="129151917130000000" remote="129151917130000000" Dst="-1" />
<file name="NativeParser.inc" server="C:/xampp/htdocs/Relyonsoft.com/" local="129151917130000000" remote="129151917130000000" Dst="-1" />
<file name="Options.inc" server="C:/xampp/htdocs/Relyonsoft.com/" local="129151917130000000" remote="129151917130000000" Dst="-1" />
<file name="Parser.inc" server="C:/xampp/htdocs/Relyonsoft.com/" local="129151917130000000" remote="129151917130000000" Dst="-1" />
<file name="Protocol.inc" server="C:/xampp/htdocs/Relyonsoft.com/" local="129151917130000000" remote="129151917130000000" Dst="-1" />
<file name="SimpleParser.inc" server="C:/xampp/htdocs/Relyonsoft.com/" local="129151917130000000" remote="129151917130000000" Dst="-1" />
<file name="Java.inc" server="D:/Projects/rwm/Relyonsoft.com/" local="129151917130000000" remote="129151917130000000" Dst="0" />
<file name="JavaBridge.inc" server="D:/Projects/rwm/Relyonsoft.com/" local="129151917130000000" remote="129151917130000000" Dst="0" />
<file name="JavaProxy.inc" server="D:/Projects/rwm/Relyonsoft.com/" local="129151917130000000" remote="129151917130000000" Dst="0" />
<file name="JavaProxy.php" server="D:/Projects/rwm/Relyonsoft.com/" local="129151917130000000" remote="129151917130000000" Dst="0" />
<file name="Mono.inc" server="D:/Projects/rwm/Relyonsoft.com/" local="129151917130000000" remote="129151917130000000" Dst="0" />
<file name="NativeParser.inc" server="D:/Projects/rwm/Relyonsoft.com/" local="129151917130000000" remote="129151917130000000" Dst="0" />
<file name="Options.inc" server="D:/Projects/rwm/Relyonsoft.com/" local="129151917130000000" remote="129151917130000000" Dst="0" />
<file name="Parser.inc" server="D:/Projects/rwm/Relyonsoft.com/" local="129151917130000000" remote="129151917130000000" Dst="0" />
<file name="Protocol.inc" server="D:/Projects/rwm/Relyonsoft.com/" local="129151917130000000" remote="129151917130000000" Dst="0" />
<file name="SimpleParser.inc" server="D:/Projects/rwm/Relyonsoft.com/" local="129151917130000000" remote="129151917130000000" Dst="0" />
<file name="Java.inc" server="ftp.relyonsoft.com//www/home/" local="129828490640000000" remote="130656232200000000" Dst="0" />
<file name="Java.inc" server="F:/xampp/htdocs/buy/" local="130790129891075644" remote="130790129890000000" Dst="0" />
<file name="JavaBridge.inc" server="F:/xampp/htdocs/buy/" local="130790129882169451" remote="130790129880000000" Dst="0" />
<file name="JavaProxy.inc" server="F:/xampp/htdocs/buy/" local="130790129883731941" remote="130790129880000000" Dst="0" />
<file name="JavaProxy.php" server="F:/xampp/htdocs/buy/" local="130790129875606993" remote="130790129870000000" Dst="0" />
<file name="Mono.inc" server="F:/xampp/htdocs/buy/" local="130790129874044503" remote="130790129870000000" Dst="0" />
<file name="NativeParser.inc" server="F:/xampp/htdocs/buy/" local="130790129868263290" remote="130790129860000000" Dst="0" />
<file name="Options.inc" server="F:/xampp/htdocs/buy/" local="130790129866232053" remote="130790129860000000" Dst="0" />
<file name="Parser.inc" server="F:/xampp/htdocs/buy/" local="130790129861544583" remote="130790129860000000" Dst="0" />
<file name="Protocol.inc" server="F:/xampp/htdocs/buy/" local="130790129863107073" remote="130790129860000000" Dst="0" />
<file name="SimpleParser.inc" server="F:/xampp/htdocs/buy/" local="130790129856700864" remote="130790129850000000" Dst="0" />
<file name="Java.inc" server="F:/xampp/htdocs/RWM/buy/" local="130790129891075644" remote="130790129890000000" Dst="0" />
<file name="JavaBridge.inc" server="F:/xampp/htdocs/RWM/buy/" local="130790129882169451" remote="130790129880000000" Dst="0" />
<file name="JavaProxy.inc" server="F:/xampp/htdocs/RWM/buy/" local="130790129883731941" remote="130790129880000000" Dst="0" />
<file name="JavaProxy.php" server="F:/xampp/htdocs/RWM/buy/" local="130790129875606993" remote="130790129870000000" Dst="0" />
<file name="Mono.inc" server="F:/xampp/htdocs/RWM/buy/" local="130790129874044503" remote="130790129870000000" Dst="0" />
<file name="NativeParser.inc" server="F:/xampp/htdocs/RWM/buy/" local="130790129868263290" remote="130790129860000000" Dst="0" />
<file name="Options.inc" server="F:/xampp/htdocs/RWM/buy/" local="130790129866232053" remote="130790129860000000" Dst="0" />
<file name="Parser.inc" server="F:/xampp/htdocs/RWM/buy/" local="130790129861544583" remote="130790129860000000" Dst="0" />
<file name="Protocol.inc" server="F:/xampp/htdocs/RWM/buy/" local="130790129863107073" remote="130790129860000000" Dst="0" />
<file name="SimpleParser.inc" server="F:/xampp/htdocs/RWM/buy/" local="130790129856700864" remote="130790129850000000" Dst="0" />
</dwsync>