<?xml version="1.0" encoding="utf-8" ?>
<dwsync>
<file name="helvetica.php" server="C:/xampp/htdocs/Relyonsoft.com/" local="129164095890000000" remote="129164095890000000" Dst="-1" />
<file name="helveticab.php" server="C:/xampp/htdocs/Relyonsoft.com/" local="129164095890000000" remote="129164095890000000" Dst="-1" />
<file name="helveticabi.php" server="C:/xampp/htdocs/Relyonsoft.com/" local="129164095890000000" remote="129164095890000000" Dst="-1" />
<file name="helveticai.php" server="C:/xampp/htdocs/Relyonsoft.com/" local="129164095900000000" remote="129164095900000000" Dst="-1" />
<file name="helvetica.php" server="D:/Projects/rwm/Relyonsoft.com/" local="129164095890000000" remote="129164095890000000" Dst="0" />
<file name="helveticab.php" server="D:/Projects/rwm/Relyonsoft.com/" local="129164095890000000" remote="129164095890000000" Dst="0" />
<file name="helveticabi.php" server="D:/Projects/rwm/Relyonsoft.com/" local="129164095890000000" remote="129164095890000000" Dst="0" />
<file name="helveticai.php" server="D:/Projects/rwm/Relyonsoft.com/" local="129164095900000000" remote="129164095900000000" Dst="0" />
<file name="helvetica.php" server="F:/xampp/htdocs/buy/" local="130790130158105185" remote="130790130150000000" Dst="0" />
<file name="helveticab.php" server="F:/xampp/htdocs/buy/" local="130790130151230229" remote="130790130150000000" Dst="0" />
<file name="helveticabi.php" server="F:/xampp/htdocs/buy/" local="130790130155917699" remote="130790130150000000" Dst="0" />
<file name="helveticai.php" server="F:/xampp/htdocs/buy/" local="130790130146855257" remote="130790130140000000" Dst="0" />
<file name="helvetica.php" server="F:/xampp/htdocs/RWM/buy/" local="130790130158105185" remote="130790130150000000" Dst="0" />
<file name="helveticab.php" server="F:/xampp/htdocs/RWM/buy/" local="130790130151230229" remote="130790130150000000" Dst="0" />
<file name="helveticabi.php" server="F:/xampp/htdocs/RWM/buy/" local="130790130155917699" remote="130790130150000000" Dst="0" />
<file name="helveticai.php" server="F:/xampp/htdocs/RWM/buy/" local="130790130146855257" remote="130790130140000000" Dst="0" />
</dwsync>