<?xml version="1.0" encoding="utf-8" ?>
<dwsync>
<file name="bill-format-new.php" server="C:/xampp/htdocs/Relyonsoft.com/" local="129336880138281250" remote="129336880130000000" Dst="-1" />
<file name="bill-format.php" server="C:/xampp/htdocs/Relyonsoft.com/" local="129248749773750000" remote="129248749770000000" Dst="-1" />
<file name="tcpdf.php" server="C:/xampp/htdocs/Relyonsoft.com/" local="129161465230000000" remote="129161465230000000" Dst="-1" />
<file name="test.php" server="C:/xampp/htdocs/Relyonsoft.com/" local="129158067680000000" remote="129158067680000000" Dst="-1" />
<file name="unicode_data.php" server="C:/xampp/htdocs/Relyonsoft.com/" local="129161465100000000" remote="129161465100000000" Dst="-1" />
<file name="bill-format-new.php" server="D:/Projects/rwm/Relyonsoft.com/" local="129724590626441250" remote="129724590620000000" Dst="0" />
<file name="bill-format.php" server="D:/Projects/rwm/Relyonsoft.com/" local="129248749773750000" remote="129248749770000000" Dst="0" />
<file name="receipt-format.php" server="D:/Projects/rwm/Relyonsoft.com/" local="129725627973647400" remote="129725627970000000" Dst="0" />
<file name="tcpdf.php" server="D:/Projects/rwm/Relyonsoft.com/" local="129161465230000000" remote="129161465230000000" Dst="0" />
<file name="test.php" server="D:/Projects/rwm/Relyonsoft.com/" local="129158067680000000" remote="129158067680000000" Dst="0" />
<file name="unicode_data.php" server="D:/Projects/rwm/Relyonsoft.com/" local="129161465100000000" remote="129161465100000000" Dst="0" />
<file name="bill-format-new.php" server="F:/xampp/htdocs/buy/" local="130790130123574156" remote="130790130120000000" Dst="0" />
<file name="bill-format.php" server="F:/xampp/htdocs/buy/" local="130790130118886686" remote="130790130110000000" Dst="0" />
<file name="receipt-format.php" server="F:/xampp/htdocs/buy/" local="130790130113730469" remote="130790130110000000" Dst="0" />
<file name="tcpdf.php" server="F:/xampp/htdocs/buy/" local="130790130122480413" remote="130790130120000000" Dst="0" />
<file name="test.php" server="F:/xampp/htdocs/buy/" local="130790130107324260" remote="130790130100000000" Dst="0" />
<file name="unicode_data.php" server="F:/xampp/htdocs/buy/" local="130790130109355497" remote="130790130100000000" Dst="0" />
<file name="bill-format-new.php" server="F:/xampp/htdocs/RWM/buy/" local="130790130123574156" remote="130790130120000000" Dst="0" />
<file name="bill-format.php" server="F:/xampp/htdocs/RWM/buy/" local="130790130118886686" remote="130790130110000000" Dst="0" />
<file name="receipt-format.php" server="F:/xampp/htdocs/RWM/buy/" local="130790130113730469" remote="130790130110000000" Dst="0" />
<file name="tcpdf.php" server="F:/xampp/htdocs/RWM/buy/" local="130790130122480413" remote="130790130120000000" Dst="0" />
<file name="test.php" server="F:/xampp/htdocs/RWM/buy/" local="130790130107324260" remote="130790130100000000" Dst="0" />
<file name="unicode_data.php" server="F:/xampp/htdocs/RWM/buy/" local="130790130109355497" remote="130790130100000000" Dst="0" />
</dwsync>