<?xml version="1.0" encoding="utf-8" ?>
<dwsync>
<file name="index.php" server="F:/xampp/htdocs/buy/" local="130790129838107233" remote="130790129830000000" Dst="0" />
<file name="Response.php" server="F:/xampp/htdocs/buy/" local="130790129843732197" remote="130790129840000000" Dst="0" />
<file name="testEnquiry.php" server="F:/xampp/htdocs/buy/" local="130790129838107233" remote="130790129830000000" Dst="0" />
<file name="testRefund.php" server="F:/xampp/htdocs/buy/" local="130790129831857273" remote="130790129830000000" Dst="0" />
<file name="testSSL.php" server="F:/xampp/htdocs/buy/" local="130790129831857273" remote="130790129830000000" Dst="0" />
<file name="testTransaction.php" server="F:/xampp/htdocs/buy/" local="130790129827013554" remote="130790129820000000" Dst="0" />
<file name="testTS.php" server="F:/xampp/htdocs/buy/" local="130790129826701056" remote="130790129820000000" Dst="0" />
<file name="index.php" server="F:/xampp/htdocs/RWM/buy/" local="130790129838107233" remote="130790129830000000" Dst="0" />
<file name="Response.php" server="F:/xampp/htdocs/RWM/buy/" local="130790129843732197" remote="130790129840000000" Dst="0" />
<file name="testEnquiry.php" server="F:/xampp/htdocs/RWM/buy/" local="130790129838107233" remote="130790129830000000" Dst="0" />
<file name="testRefund.php" server="F:/xampp/htdocs/RWM/buy/" local="130790129831857273" remote="130790129830000000" Dst="0" />
<file name="testSSL.php" server="F:/xampp/htdocs/RWM/buy/" local="130790129831857273" remote="130790129830000000" Dst="0" />
<file name="testTransaction.php" server="F:/xampp/htdocs/RWM/buy/" local="130790129827013554" remote="130790129820000000" Dst="0" />
<file name="testTS.php" server="F:/xampp/htdocs/RWM/buy/" local="130790129826701056" remote="130790129820000000" Dst="0" />
</dwsync>