<?xml version="1.0" encoding="utf-8" ?>
<dwsync>
<file name="Address.php" server="C:/xampp/htdocs/Relyonsoft.com/" local="129151917130000000" remote="129151917130000000" Dst="-1" />
<file name="AirLineTransaction.php" server="C:/xampp/htdocs/Relyonsoft.com/" local="129151917130000000" remote="129151917130000000" Dst="-1" />
<file name="BillToAddress.php" server="C:/xampp/htdocs/Relyonsoft.com/" local="129151917130000000" remote="129151917130000000" Dst="-1" />
<file name="CardInfo.php" server="C:/xampp/htdocs/Relyonsoft.com/" local="129151917130000000" remote="129151917130000000" Dst="-1" />
<file name="CustomerDetails.php" server="C:/xampp/htdocs/Relyonsoft.com/" local="129151917130000000" remote="129151917130000000" Dst="-1" />
<file name="MerchanDise.php" server="C:/xampp/htdocs/Relyonsoft.com/" local="129151917130000000" remote="129151917130000000" Dst="-1" />
<file name="Merchant.php" server="C:/xampp/htdocs/Relyonsoft.com/" local="129151917140000000" remote="129151917140000000" Dst="-1" />
<file name="MPIData.php" server="C:/xampp/htdocs/Relyonsoft.com/" local="129151917140000000" remote="129151917140000000" Dst="-1" />
<file name="PGReserveData.php" server="C:/xampp/htdocs/Relyonsoft.com/" local="129151917140000000" remote="129151917140000000" Dst="-1" />
<file name="PGResponse.php" server="C:/xampp/htdocs/Relyonsoft.com/" local="129151917140000000" remote="129151917140000000" Dst="-1" />
<file name="PGSearchResponse.php" server="C:/xampp/htdocs/Relyonsoft.com/" local="129151917140000000" remote="129151917140000000" Dst="-1" />
<file name="PostLibPHP.php" server="C:/xampp/htdocs/Relyonsoft.com/" local="129151917140000000" remote="129151917140000000" Dst="-1" />
<file name="SessionDetail.php" server="C:/xampp/htdocs/Relyonsoft.com/" local="129151917140000000" remote="129151917140000000" Dst="-1" />
<file name="ShipToAddress.php" server="C:/xampp/htdocs/Relyonsoft.com/" local="129151917140000000" remote="129151917140000000" Dst="-1" />
<file name="Address.php" server="D:/Projects/rwm/Relyonsoft.com/" local="129151917130000000" remote="129151917130000000" Dst="0" />
<file name="AirLineTransaction.php" server="D:/Projects/rwm/Relyonsoft.com/" local="129151917130000000" remote="129151917130000000" Dst="0" />
<file name="BillToAddress.php" server="D:/Projects/rwm/Relyonsoft.com/" local="129151917130000000" remote="129151917130000000" Dst="0" />
<file name="CardInfo.php" server="D:/Projects/rwm/Relyonsoft.com/" local="129151917130000000" remote="129151917130000000" Dst="0" />
<file name="CustomerDetails.php" server="D:/Projects/rwm/Relyonsoft.com/" local="129151917130000000" remote="129151917130000000" Dst="0" />
<file name="MerchanDise.php" server="D:/Projects/rwm/Relyonsoft.com/" local="129151917130000000" remote="129151917130000000" Dst="0" />
<file name="Merchant.php" server="D:/Projects/rwm/Relyonsoft.com/" local="129151917140000000" remote="129151917140000000" Dst="0" />
<file name="MPIData.php" server="D:/Projects/rwm/Relyonsoft.com/" local="129151917140000000" remote="129151917140000000" Dst="0" />
<file name="PGReserveData.php" server="D:/Projects/rwm/Relyonsoft.com/" local="129151917140000000" remote="129151917140000000" Dst="0" />
<file name="PGResponse.php" server="D:/Projects/rwm/Relyonsoft.com/" local="129151917140000000" remote="129151917140000000" Dst="0" />
<file name="PGSearchResponse.php" server="D:/Projects/rwm/Relyonsoft.com/" local="129151917140000000" remote="129151917140000000" Dst="0" />
<file name="PostLibPHP.php" server="D:/Projects/rwm/Relyonsoft.com/" local="129151917140000000" remote="129151917140000000" Dst="0" />
<file name="SessionDetail.php" server="D:/Projects/rwm/Relyonsoft.com/" local="129151917140000000" remote="129151917140000000" Dst="0" />
<file name="ShipToAddress.php" server="D:/Projects/rwm/Relyonsoft.com/" local="129151917140000000" remote="129151917140000000" Dst="0" />
</dwsync>