<?xml version="1.0" encoding="utf-8" ?>
<dwsync>
<file name="createmail.htm" server="F:/xampp/htdocs/product_master/" local="130088331809841909" remote="130088331800000000" Dst="0" />
<file name="createmail.txt" server="F:/xampp/htdocs/product_master/" local="130088332377997120" remote="130088332370000000" Dst="0" />
<file name="deletemail.htm" server="F:/xampp/htdocs/product_master/" local="130088332538151919" remote="130088332530000000" Dst="0" />
<file name="deletemail.txt" server="F:/xampp/htdocs/product_master/" local="130088332826959223" remote="130088332820000000" Dst="0" />
<file name="disablemail.htm" server="F:/xampp/htdocs/product_master/" local="130088332618075330" remote="130088332610000000" Dst="0" />
<file name="disablemail.txt" server="F:/xampp/htdocs/product_master/" local="130088332760255122" remote="130088332760000000" Dst="0" />
<file name="enablemail.htm" server="F:/xampp/htdocs/product_master/" local="130088332951525362" remote="130088332950000000" Dst="0" />
<file name="enablemail.txt" server="F:/xampp/htdocs/product_master/" local="130088333029483760" remote="130088333020000000" Dst="0" />
<file name="resetpassword.htm" server="F:/xampp/htdocs/product_master/" local="130088333167108700" remote="130088333160000000" Dst="0" />
<file name="resetpassword.txt" server="F:/xampp/htdocs/product_master/" local="130088333232177364" remote="130088333230000000" Dst="0" />
</dwsync>