<?xml version="1.0" encoding="utf-8" ?>
<dwsync>
<file name="complete.php" server="C:/xampp/htdocs/Relyonsoft.com/" local="129471445579375000" remote="129471445570000000" Dst="-1" />
<file name="onlinebilldummy.php" server="C:/xampp/htdocs/Relyonsoft.com/" local="129235951436718750" remote="129235951430000000" Dst="-1" />
<file name="pay.php" server="C:/xampp/htdocs/Relyonsoft.com/" local="129164749620000000" remote="129164749620000000" Dst="-1" />
<file name="complete.php" server="217.112.82.4//" local="129471445579375000" remote="129471448200000000" Dst="-1" />
<file name="001100" server="D:/Projects/rwm/Relyonsoft.com/" local="129878457302211905" remote="129878457300000000" Dst="0" />
<file name="complete.php" server="D:/Projects/rwm/Relyonsoft.com/" local="129878461493461905" remote="129878461490000000" Dst="0" />
<file name="complete_netb.php" server="D:/Projects/rwm/Relyonsoft.com/" local="129845684725491378" remote="129845684720000000" Dst="0" />
<file name="onlinebilldummy.php" server="D:/Projects/rwm/Relyonsoft.com/" local="129235194000000000" remote="129235194000000000" Dst="0" />
<file name="pay.php" server="D:/Projects/rwm/Relyonsoft.com/" local="129793740150466017" remote="129793740150000000" Dst="0" />
<file name="testjava.php" server="D:/Projects/rwm/Relyonsoft.com/" local="129825017297874575" remote="129825017290000000" Dst="0" />
<file name="pay.php" server="ftp.relyonsoft.com//www/home/" local="130652681834459785" remote="130652682600000000" Dst="0" />
<file name="paycitrus.php" server="ftp.relyonsoft.com//www/home/" local="130652682397751850" remote="130652683200000000" Dst="0" />
<file name="001100" server="F:/xampp/htdocs/buy/" local="130790129773263898" remote="130790129770000000" Dst="0" />
<file name="complete.php" server="F:/xampp/htdocs/buy/" local="130790129772170155" remote="130790129770000000" Dst="0" />
<file name="complete_citrus.php" server="F:/xampp/htdocs/buy/" local="130790129767951432" remote="130790129760000000" Dst="0" />
<file name="complete_netb.php" server="F:/xampp/htdocs/buy/" local="130790129766388942" remote="130790129760000000" Dst="0" />
<file name="error_log" server="F:/xampp/htdocs/buy/" local="130790129762170219" remote="130790129760000000" Dst="0" />
<file name="onlinebilldummy.php" server="F:/xampp/htdocs/buy/" local="130790129760763978" remote="130790129760000000" Dst="0" />
<file name="pay.php" server="F:/xampp/htdocs/buy/" local="130790129757482749" remote="130790129750000000" Dst="0" />
<file name="paycitrus.php" server="F:/xampp/htdocs/buy/" local="130790129756076508" remote="130790129750000000" Dst="0" />
<file name="testjava.php" server="F:/xampp/htdocs/buy/" local="130790129751389038" remote="130790129750000000" Dst="0" />
<file name="001100" server="F:/xampp/htdocs/RWM/buy/" local="130790129773263898" remote="130790129770000000" Dst="0" />
<file name="complete.php" server="F:/xampp/htdocs/RWM/buy/" local="130931653276522280" remote="130931653270000000" Dst="0" />
<file name="complete_citrus.php" server="F:/xampp/htdocs/RWM/buy/" local="130931675313140265" remote="130931675310000000" Dst="0" />
<file name="complete_netb.php" server="F:/xampp/htdocs/RWM/buy/" local="130931676089770265" remote="130931676080000000" Dst="0" />
<file name="error_log" server="F:/xampp/htdocs/RWM/buy/" local="130790129762170219" remote="130790129760000000" Dst="0" />
<file name="onlinebilldummy.php" server="F:/xampp/htdocs/RWM/buy/" local="130790129760763978" remote="130790129760000000" Dst="0" />
<file name="pay.php" server="F:/xampp/htdocs/RWM/buy/" local="130790129757482749" remote="130790129750000000" Dst="0" />
<file name="paycitrus.php" server="F:/xampp/htdocs/RWM/buy/" local="130790129756076508" remote="130790129750000000" Dst="0" />
<file name="testjava.php" server="F:/xampp/htdocs/RWM/buy/" local="130790129751389038" remote="130790129750000000" Dst="0" />
<file name="complete.php" server="F:/xampp/htdocs/" local="130960227474416793" remote="130960227470000000" Dst="0" />
<file name="pay.php" server="F:/xampp/htdocs/" local="130960253308771552" remote="130960253300000000" Dst="0" />
</dwsync>