<?xml version="1.0" encoding="utf-8" ?>
<dwsync>
<file name="DiffieHellman.php" server="F:/xampp/htdocs/buy/" local="130790130030762250" remote="130790130030000000" Dst="0" />
<file name="Exception.php" server="F:/xampp/htdocs/buy/" local="130790130026387278" remote="130790130020000000" Dst="0" />
<file name="Hmac.php" server="F:/xampp/htdocs/buy/" local="130790130026387278" remote="130790130020000000" Dst="0" />
<file name="Math.php" server="F:/xampp/htdocs/buy/" local="130790130022012306" remote="130790130020000000" Dst="0" />
<file name="Rsa.php" server="F:/xampp/htdocs/buy/" local="130790130020762314" remote="130790130020000000" Dst="0" />
<file name="DiffieHellman.php" server="F:/xampp/htdocs/RWM/buy/" local="130790130030762250" remote="130790130030000000" Dst="0" />
<file name="Exception.php" server="F:/xampp/htdocs/RWM/buy/" local="130790130026387278" remote="130790130020000000" Dst="0" />
<file name="Hmac.php" server="F:/xampp/htdocs/RWM/buy/" local="130790130026387278" remote="130790130020000000" Dst="0" />
<file name="Math.php" server="F:/xampp/htdocs/RWM/buy/" local="130790130022012306" remote="130790130020000000" Dst="0" />
<file name="Rsa.php" server="F:/xampp/htdocs/RWM/buy/" local="130790130020762314" remote="130790130020000000" Dst="0" />
</dwsync>