<?xml version="1.0" encoding="utf-8" ?>
<dwsync>
<file name="Exception.php" server="F:/xampp/htdocs/buy/" local="130790129995762474" remote="130790129990000000" Dst="0" />
<file name="Ini.php" server="F:/xampp/htdocs/buy/" local="130790129993731237" remote="130790129990000000" Dst="0" />
<file name="Json.php" server="F:/xampp/htdocs/buy/" local="130790129990762506" remote="130790129990000000" Dst="0" />
<file name="Writer.php" server="F:/xampp/htdocs/buy/" local="130790129988731269" remote="130790129980000000" Dst="0" />
<file name="Xml.php" server="F:/xampp/htdocs/buy/" local="130790129985606289" remote="130790129980000000" Dst="0" />
<file name="Yaml.php" server="F:/xampp/htdocs/buy/" local="130790129984200048" remote="130790129980000000" Dst="0" />
<file name="Exception.php" server="F:/xampp/htdocs/RWM/buy/" local="130790129995762474" remote="130790129990000000" Dst="0" />
<file name="Ini.php" server="F:/xampp/htdocs/RWM/buy/" local="130790129993731237" remote="130790129990000000" Dst="0" />
<file name="Json.php" server="F:/xampp/htdocs/RWM/buy/" local="130790129990762506" remote="130790129990000000" Dst="0" />
<file name="Writer.php" server="F:/xampp/htdocs/RWM/buy/" local="130790129988731269" remote="130790129980000000" Dst="0" />
<file name="Xml.php" server="F:/xampp/htdocs/RWM/buy/" local="130790129985606289" remote="130790129980000000" Dst="0" />
<file name="Yaml.php" server="F:/xampp/htdocs/RWM/buy/" local="130790129984200048" remote="130790129980000000" Dst="0" />
</dwsync>