<?xml version="1.0" encoding="utf-8" ?>
<dwsync>
<file name="CitrusPayApiConnectionError.php" server="F:/xampp/htdocs/buy/" local="130790129960137702" remote="130790129960000000" Dst="0" />
<file name="CitrusPayApiError.php" server="F:/xampp/htdocs/buy/" local="130790129960137702" remote="130790129960000000" Dst="0" />
<file name="CitrusPayApiRequestor.php" server="F:/xampp/htdocs/buy/" local="130790129952481501" remote="130790129950000000" Dst="0" />
<file name="CitrusPayApiResource.php" server="F:/xampp/htdocs/buy/" local="130790129952169003" remote="130790129950000000" Dst="0" />
<file name="CitrusPayAuthenticationError.php" server="F:/xampp/htdocs/buy/" local="130790129946700288" remote="130790129940000000" Dst="0" />
<file name="CitrusPayError.php" server="F:/xampp/htdocs/buy/" local="130790129946544039" remote="130790129940000000" Dst="0" />
<file name="CitrusPayInvalidRequestError.php" server="F:/xampp/htdocs/buy/" local="130790129942169067" remote="130790129940000000" Dst="0" />
<file name="CitrusPayObject.php" server="F:/xampp/htdocs/buy/" local="130790129942012818" remote="130790129940000000" Dst="0" />
<file name="CitrusPayRequestData.php" server="F:/xampp/htdocs/buy/" local="130790129937794095" remote="130790129930000000" Dst="0" />
<file name="CitrusPayUtil.php" server="F:/xampp/htdocs/buy/" local="130790129937012850" remote="130790129930000000" Dst="0" />
<file name="Enquiry.php" server="F:/xampp/htdocs/buy/" local="130790129933419123" remote="130790129930000000" Dst="0" />
<file name="EnquiryCollection.php" server="F:/xampp/htdocs/buy/" local="130790129932637878" remote="130790129930000000" Dst="0" />
<file name="Refund.php" server="F:/xampp/htdocs/buy/" local="130790129929044151" remote="130790129920000000" Dst="0" />
<file name="Transaction.php" server="F:/xampp/htdocs/buy/" local="130790129928262906" remote="130790129920000000" Dst="0" />
<file name="Transactionsearch.php" server="F:/xampp/htdocs/buy/" local="130790129924512930" remote="130790129920000000" Dst="0" />
<file name="TransactionsearchCollection.php" server="F:/xampp/htdocs/buy/" local="130790129922012946" remote="130790129920000000" Dst="0" />
<file name="Util.php" server="F:/xampp/htdocs/buy/" local="130790129919981709" remote="130790129910000000" Dst="0" />
<file name="CitrusPayApiConnectionError.php" server="F:/xampp/htdocs/RWM/buy/" local="130790129960137702" remote="130790129960000000" Dst="0" />
<file name="CitrusPayApiError.php" server="F:/xampp/htdocs/RWM/buy/" local="130790129960137702" remote="130790129960000000" Dst="0" />
<file name="CitrusPayApiRequestor.php" server="F:/xampp/htdocs/RWM/buy/" local="130790129952481501" remote="130790129950000000" Dst="0" />
<file name="CitrusPayApiResource.php" server="F:/xampp/htdocs/RWM/buy/" local="130790129952169003" remote="130790129950000000" Dst="0" />
<file name="CitrusPayAuthenticationError.php" server="F:/xampp/htdocs/RWM/buy/" local="130790129946700288" remote="130790129940000000" Dst="0" />
<file name="CitrusPayError.php" server="F:/xampp/htdocs/RWM/buy/" local="130790129946544039" remote="130790129940000000" Dst="0" />
<file name="CitrusPayInvalidRequestError.php" server="F:/xampp/htdocs/RWM/buy/" local="130790129942169067" remote="130790129940000000" Dst="0" />
<file name="CitrusPayObject.php" server="F:/xampp/htdocs/RWM/buy/" local="130790129942012818" remote="130790129940000000" Dst="0" />
<file name="CitrusPayRequestData.php" server="F:/xampp/htdocs/RWM/buy/" local="130790129937794095" remote="130790129930000000" Dst="0" />
<file name="CitrusPayUtil.php" server="F:/xampp/htdocs/RWM/buy/" local="130790129937012850" remote="130790129930000000" Dst="0" />
<file name="Enquiry.php" server="F:/xampp/htdocs/RWM/buy/" local="130790129933419123" remote="130790129930000000" Dst="0" />
<file name="EnquiryCollection.php" server="F:/xampp/htdocs/RWM/buy/" local="130790129932637878" remote="130790129930000000" Dst="0" />
<file name="Refund.php" server="F:/xampp/htdocs/RWM/buy/" local="130790129929044151" remote="130790129920000000" Dst="0" />
<file name="Transaction.php" server="F:/xampp/htdocs/RWM/buy/" local="130790129928262906" remote="130790129920000000" Dst="0" />
<file name="Transactionsearch.php" server="F:/xampp/htdocs/RWM/buy/" local="130790129924512930" remote="130790129920000000" Dst="0" />
<file name="TransactionsearchCollection.php" server="F:/xampp/htdocs/RWM/buy/" local="130790129922012946" remote="130790129920000000" Dst="0" />
<file name="Util.php" server="F:/xampp/htdocs/RWM/buy/" local="130790129919981709" remote="130790129910000000" Dst="0" />
</dwsync>