<?xml version="1.0" encoding="utf-8" ?>
<dwsync>
<file name="Bcmath.php" server="F:/xampp/htdocs/buy/" local="130790130056699584" remote="130790130050000000" Dst="0" />
<file name="Exception.php" server="F:/xampp/htdocs/buy/" local="130790130052637110" remote="130790130050000000" Dst="0" />
<file name="Gmp.php" server="F:/xampp/htdocs/buy/" local="130790130052012114" remote="130790130050000000" Dst="0" />
<file name="Interface.php" server="F:/xampp/htdocs/buy/" local="130790130048105889" remote="130790130040000000" Dst="0" />
<file name="Bcmath.php" server="F:/xampp/htdocs/RWM/buy/" local="130790130056699584" remote="130790130050000000" Dst="0" />
<file name="Exception.php" server="F:/xampp/htdocs/RWM/buy/" local="130790130052637110" remote="130790130050000000" Dst="0" />
<file name="Gmp.php" server="F:/xampp/htdocs/RWM/buy/" local="130790130052012114" remote="130790130050000000" Dst="0" />
<file name="Interface.php" server="F:/xampp/htdocs/RWM/buy/" local="130790130048105889" remote="130790130040000000" Dst="0" />
</dwsync>