<?xml version="1.0" encoding="utf-8" ?>
<dwsync>
<file name="Array.php" server="F:/xampp/htdocs/buy/" local="130790130015137350" remote="130790130010000000" Dst="0" />
<file name="FileAbstract.php" server="F:/xampp/htdocs/buy/" local="130790130013887358" remote="130790130010000000" Dst="0" />
<file name="Ini.php" server="F:/xampp/htdocs/buy/" local="130790130010137382" remote="130790130010000000" Dst="0" />
<file name="Json.php" server="F:/xampp/htdocs/buy/" local="130790130008731141" remote="130790130000000000" Dst="0" />
<file name="Xml.php" server="F:/xampp/htdocs/buy/" local="130790130005449912" remote="130790130000000000" Dst="0" />
<file name="Yaml.php" server="F:/xampp/htdocs/buy/" local="130790130004199920" remote="130790130000000000" Dst="0" />
<file name="Array.php" server="F:/xampp/htdocs/RWM/buy/" local="130790130015137350" remote="130790130010000000" Dst="0" />
<file name="FileAbstract.php" server="F:/xampp/htdocs/RWM/buy/" local="130790130013887358" remote="130790130010000000" Dst="0" />
<file name="Ini.php" server="F:/xampp/htdocs/RWM/buy/" local="130790130010137382" remote="130790130010000000" Dst="0" />
<file name="Json.php" server="F:/xampp/htdocs/RWM/buy/" local="130790130008731141" remote="130790130000000000" Dst="0" />
<file name="Xml.php" server="F:/xampp/htdocs/RWM/buy/" local="130790130005449912" remote="130790130000000000" Dst="0" />
<file name="Yaml.php" server="F:/xampp/htdocs/RWM/buy/" local="130790130004199920" remote="130790130000000000" Dst="0" />
</dwsync>